id,holder_id
Q1000,Q5373253
Q1005,Q27917049
Q1006,Q21855433
Q1007,Q16855164
Q1008,Q2840866
Q1009,Q57840
Q1011,Q23899522
Q1013,Q983971
Q1014,Q43179
Q1016,Q21089561
Q1019,Q23782689
Q1020,Q7176020
Q1025,Q3571335
Q1027,Q3401447
Q1028,Q2033385
Q1029,Q19057400
Q1030,Q7395683
Q1032,Q57877
Q1033,Q361567
Q1033,Q19730927
Q1036,Q1740843
Q1037,Q17417622
Q1039,Q459822
Q1041,Q17320405
Q1042,Q5220343
Q1044,Q57460
Q1045,Q28824125
Q1049,Q15700032
Q1050,Q57715
Q114,Q196070
Q115,Q381071
Q117,Q718601
Q1246,Q177851
Q142,Q3579995
Q145,Q264766
Q148,Q15031
Q148,Q18111
Q155,Q463533
Q159,Q23530
Q16,Q3099714
Q17,Q132345
Q183,Q567
Q184,Q502864
Q189,Q879376
Q191,Q2621730
Q20,Q291644
Q211,Q6112509
Q212,Q4150130
Q213,Q890971
Q214,Q57606
Q215,Q17117413
Q217,Q7155601
Q218,Q12735517
Q219,Q57775
Q219060,Q13415154
Q221,Q220579
Q222,Q316901
Q224,Q11685764
Q225,Q112145
Q225,Q19501831
Q227,Q57618
Q228,Q24801
Q229,Q2112764
Q230,Q15277881
Q232,Q4404442
Q233,Q938224
Q23334,Q26211009
Q23427,Q15727801
Q235,Q22023172
Q236,Q27941657
Q23681,Q58174
Q237,Q543260
Q238,Q28968159
Q238,Q28968160
Q241,Q46809
Q241,Q6502015
Q242,Q57701
Q244,Q57709
Q244165,Q440824
Q252,Q3318231
Q258,Q57282
Q262,Q2821166
Q265,Q28002959
Q26988,Q2569345
Q27,Q1728820
Q28,Q57641
Q29,Q10819
Q298,Q320
Q29999,Q57792
Q30,Q22686
Q31,Q950958
Q32,Q561213
Q33,Q1711532
Q334,Q57643
Q34,Q2740012
Q34020,Q785548
Q347,Q373092
Q34754,Q380187
Q35,Q182397
Q36,Q4877021
Q37,Q1797508
Q38,Q1071031
Q39,Q688230
Q39,Q121160
Q398,Q57726
Q399,Q1979923
Q40,Q18135060
Q403,Q26258815
Q40362,Q4955460
Q40362,Q307977
Q408,Q927550
Q41,Q312015
Q414,Q561837
Q419,Q5860422
Q423,Q56226
Q423,Q494800
Q424,Q57788
Q43,Q863496
Q45,Q610788
Q574,Q1647887
Q657,Q4710950
Q664,Q4384608
Q668,Q1058
Q672,Q330640
Q678,Q3594634
Q683,Q57723
Q685,Q536063
Q686,Q22696254
Q691,Q57892
Q695,Q336285
Q697,Q563297
Q702,Q19921375
Q709,Q20090884
Q710,Q23034482
Q711,Q25848773
Q712,Q57830
Q717,Q58132
Q730,Q57667
Q733,Q5901842
Q734,Q6915896
Q736,Q518626
Q739,Q57311
Q750,Q42410
Q754,Q6384971
Q757,Q57800
Q760,Q16203640
Q763,Q3529064
Q766,Q505200
Q769,Q370110
Q77,Q9099
Q774,Q17995110
Q778,Q16732648
Q781,Q17177542
Q783,Q5951723
Q784,Q57823
Q786,Q57429
Q79,Q16250142
Q790,Q28836953
Q792,Q936831
Q794,Q57336
Q794,Q348144
Q796,Q5639013
Q800,Q5983599
Q801,Q43723
Q804,Q1134096
Q805,Q20385886
Q810,Q5648173
Q811,Q57402
Q813,Q23810819
Q817,Q57894
Q819,Q470024
Q819,Q58323
Q822,Q296771
Q826,Q4665896
Q833,Q57675
Q836,Q36740
Q837,Q470903
Q842,Q57331
Q843,Q134068
Q846,Q4666105
Q851,Q367825
Q854,Q983402
Q858,Q6001983
Q863,Q15222839
Q865,Q8997373
Q869,Q2108126
Q874,Q57530
Q878,Q57655
Q881,Q318458
Q881,Q10800073
Q884,Q12611134
Q889,Q317556
Q902,Q52183
Q907112,Q28120974
Q912,Q26845654
Q916,Q57313
Q917,Q7849613
Q921,Q57327
Q924,Q6737420
Q928,Q457786
Q929,Q23729455
Q945,Q6428317
Q948,Q25391268
Q953,Q18352991
Q954,Q10707
Q958,Q57315
Q96,Q296741
Q962,Q16669148
Q963,Q57449
Q965,Q22043905
Q967,Q57343
Q970,Q515602
Q971,Q23928873
Q974,Q29239480
Q977,Q10522744
Q983,Q24761111
Q986,Q57348
